INLINE NewItemTable,Name,Description,Use Desc,ID,Type,ItemAbility,Stat Boosts,Effectiveness,Uses,Mt,Hit,Wt,Crit,Range,Price Per Use,Weapon Level,Icon,Use Effect,Weapon Effect,Weapon EXP,Debuff Type,IER Byte,Item Skill
Nothing,0x0,0x0,0x0,0x0,0x0,0x0,0x0,0x0,0,0,0,0,0,0x0,0,NoRank,0x0,0x0,NoEffect,0,0x0,0x0,0x0
0x01 Iron Sword,IronSwordName,IronWeaponDesc,0x0,0x1,Swords,DevotiaWeapon,0x0,0x0,46,5,90,5,0,0x11,10,ERank,0x0,0x0,NoEffect,1,0x0,0x0,0x0
0x02 Steel Sword,SteelSwordName,SteelWeaponDesc,0x0,0x2,Swords,DevotiaWeapon,0x0,0x0,30,3,100,2,5,0x11,16,ERank,0x1,0x0,NoEffect,1,0x0,0x0,0x0
0x03 Silver Sword,SilverSwordName,SilverWeaponDesc,0x0,0x3,Swords,DevotiaWeapon|Indestructible,0x0,0x0,30,8,75,10,0,0x11,20,DRank,0x2,0x0,NoEffect,1,0x0,0x0,0x0
0x04 Iron Sabre,IronSabreName,IndustrialWeaponDesc,0x0,0x4,Swords,DevotiaWeapon,0x0,0x0,20,13,80,8,0,0x11,75,ARank,0x3,0x0,NoEffect,1,0x0,0x0,0x0
0x05 Steel Sabre,SteelSabreName,IndustrialWeaponDesc,0x0,0x5,Swords,DevotiaWeapon,0x0,0x0,35,9,70,12,0,0x11,28,DRank,0x4,0x0,NoEffect,2,0x0,0x0,0x0
0x06 Silver Sabre,SilverSabreName,IndustrialWeaponDesc,0x0,0x6,Swords,DevotiaWeapon,0x0,0x0,25,11,65,14,0,0x11,50,CRank,0x5,0x0,NoEffect,2,0x0,0x0,0x0
0x07 Iron Broadsword,IronBroadswordName,HeavyWeaponDesc,0x0,0x7,Swords,DevotiaWeapon,0x0,0x0,15,14,60,13,0,0x11,120,ARank,0x6,0x0,NoEffect,2,0x0,0x0,0x0
0x08 Steel Broadsword,SteelBroadswordName,HeavyWeaponDesc,0x0,0x8,Swords,DevotiaWeapon,0x0,0x0,40,3,70,6,0,0x11,0,DRank,0x7,0x0,PoisonEffect,1,0x0,0x0,0x0
0x09 Silver Broadsword,SilverBroadswordName,HeavyWeaponDesc,0x0,0x9,Swords,DevotiaWeapon,0x0,LordWeaponEffectiveness|IsPointer,40,7,95,5,10,0x11,150,ARank,0x8,0x0,NoEffect,2,0x0,0x0,0x0
0x0A Light Brand,LightBrandName,LightBrandDesc,0x0,0xa,Swords,DevotiaWeapon|WeaponLock3|Unsellable,0x0,0x88adec2,45,8,80,3,20,0x11,0,NoRank,0x9,0x0,NoEffect,2,0x0,0x0,0x0
0x0B Wyrmslayer,WyrmslayerName,WyrmslayerDesc,0x0,0xb,Swords,DevotiaWeapon|IsBrave,0x0,0x0,30,9,75,12,0,0x11,250,BRank,0xa,0x0,NoEffect,1,0x0,0x0,0x0
0x0C Lancereaver,LancereaverName,ReaverWeaponDesc,0x0,0xc,Swords,DevotiaWeapon|SwordmasterLock,0x0,0x0,20,8,75,5,35,0x11,60,DRank,0xb2,0x0,NoEffect,1,0x0,0x0,0x0
0x0D Ruby Sword,RubySwordName,DoubleTriangleWeaponDesc,0x0,0xd,Swords,DevotiaWeapon,0x0,0x0,20,9,75,7,30,0x11,65,CRank,0xc,0x0,NoEffect,1,0x0,0x0,0x0
0x0E Killing Edge,KillingEdgeName,KillingWeaponDesc,0x0,0xe,Swords,DevotiaWeapon,0x0,ArmorEffectiveness|IsPointer,18,8,80,11,0,0x11,70,DRank,0xd,0x0,NoEffect,1,0x0,0x0,0x0
0x0F Quick Sword,QuickSwordName,BraveWeaponDesc,0x0,0xf,Swords,DevotiaWeapon,0x0,DragonEffectiveness|IsPointer,30,8,75,5,0,0x11,150,CRank,0xe,0x0,NoEffect,1,0x0,0x0,0x0
0x10 Iron Lance,IronLanceName,IronWeaponDesc,0x0,0x10,Lances,DevotiaWeapon,0x0,0x0,25,9,70,9,0,0x12,50,CRank,0x13,0x0,NoEffect,1,0x0,0x0,0x0
0x11 Steel Lance,SteelLanceName,SteelWeaponDesc,0x0,0x11,Lances,DevotiaWeapon|MagicDamage,0x0,0x0,15,12,65,11,0,0x12,220,ARank,0x10,0x0,NosferatuEffect,1,0x0,0x0,0x0
0x12 Silver Lance,SilverLanceName,SilverWeaponDesc,0x0,0x12,Lances,DevotiaWeapon|ReverseTriangle,0x0,0x0,15,9,75,9,5,0x11,120,CRank,0x11,0x0,NoEffect,2,0x0,0x0,0x0
0x13 Iron Glaive,IronGlaiveName,IndustrialWeaponDesc,0x0,0x13,Lances,DevotiaWeapon,0x0,HorseEffectiveness|IsPointer,18,6,85,11,0,0x11,70,DRank,0x12,0x0,NoEffect,1,0x0,0x0,0x0
0x14 Steel Glaive,SteelGlaiveName,IndustrialWeaponDesc,0x0,0x14,Lances,DevotiaWeapon,0x0,0x0,45,7,80,8,0,0x11,8,ERank,0x13,0x0,NoEffect,1,0x0,0x0,0x0
0x15 Silver Glaive,SilverGlaiveName,IndustrialWeaponDesc,0x0,0x15,Lances,DevotiaWeapon,0x0,0x0,30,4,85,4,5,0x11,15,ERank,0x14,0x0,NoEffect,1,0x0,0x0,0x0
0x16 Iron Greatlance,IronGreatlanceName,HeavyWeaponDesc,0x0,0x16,Lances,DevotiaWeapon,0x0,0x0,30,10,70,13,0,0x11,16,DRank,0x15,0x0,NoEffect,2,0x0,0x0,0x0
0x17 Steel Greatlance,SteelGreatlanceName,HeavyWeaponDesc,0x0,0x17,Lances,DevotiaWeapon,0x0,0x0,20,14,75,10,0,0x11,60,ARank,0x16,0x0,NoEffect,1,0x0,0x0,0x0
0x18 Silver Greatlance,SilverGreatlanceName,HeavyWeaponDesc,0x0,0x18,Lances,DevotiaWeapon,0x0,0x0,40,4,65,8,0,0x11,0,ERank,0x17,0x0,PoisonEffect,1,0x0,0x0,0x0
0x19 Javelin,JavelinName,RangedWeaponDesc,0x0,0x19,Lances,DevotiaWeapon|IsBrave,0x0,0x0,30,10,70,14,0,0x11,250,BRank,0x18,0x0,NoEffect,1,0x0,0x0,0x0
0x1A Spear,SpearName,RangedWeaponDesc,0x0,0x1a,Lances,DevotiaWeapon,0x0,0x0,20,10,70,9,30,0x11,60,CRank,0x19,0x0,NoEffect,1,0x0,0x0,0x0
0x1B Axereaver,AxereaverName,ReaverWeaponDesc,0x0,0x1b,Lances,DevotiaWeapon,0x0,HorseEffectiveness|IsPointer,16,7,70,13,0,0x11,65,DRank,0x1a,0x0,NoEffect,1,0x0,0x0,0x0
0x1C Sapphire Lance,SapphireLanceName,DoubleTriangleWeaponDesc,0x0,0x1c,Lances,DevotiaWeapon,0x0,0x0,20,6,65,11,0,0x12,20,ERank,0x1b,0x0,NoEffect,1,0x0,0x0,0x0
0x1D Killer Lance,KillerLanceName,KillingWeaponDesc,0x0,0x1d,Lances,DevotiaWeapon,0x0,0x0,15,12,70,10,5,0x12,600,BRank,0x1c,0x0,NoEffect,1,0x0,0x0,0x0
0x1E Battleflag,BattleflagName,UncounterableWeaponDesc,0x0,0x1e,Lances,DevotiaWeapon|ReverseTriangle,0x0,0x0,15,10,70,11,5,0x11,130,CRank,0x1d,0x0,NoEffect,2,0x0,0x0,0x0
0x1F Iron Axe,IronAxeName,IronWeaponDesc,0x0,0x1f,Axes,DevotiaWeapon,0x0,0x0,45,8,75,10,0,0x11,6,ERank,0x1e,0x0,NoEffect,1,0x0,0x0,0x0
0x20 Steel Axe,SteelAxeName,SteelWeaponDesc,0x0,0x20,Axes,DevotiaWeapon,0x0,0x0,30,11,65,15,0,0x11,12,ERank,0x1f,0x0,NoEffect,2,0x0,0x0,0x0
0x21 Silver Axe,SilverAxeName,SilverWeaponDesc,0x0,0x21,Axes,DevotiaWeapon,0x0,0x0,20,15,70,12,0,0x11,50,ARank,0x20,0x0,NoEffect,1,0x0,0x0,0x0
0x22 Iron Voulge,IronVoulgeName,IndustrialWeaponDesc,0x0,0x22,Axes,DevotiaWeapon,0x0,0x0,40,4,60,10,0,0x11,0,DRank,0x21,0x0,PoisonEffect,1,0x0,0x0,0x0
0x23 Steel Voulge,SteelVoulgeName,IndustrialWeaponDesc,0x0,0x23,Axes,DevotiaWeapon|IsBrave,0x0,0x0,30,10,65,16,0,0x11,250,BRank,0x22,0x0,NoEffect,1,0x0,0x0,0x0
0x24 Silver Voulge,SilverVoulgeName,IndustrialWeaponDesc,0x0,0x24,Axes,DevotiaWeapon,0x0,0x0,20,11,65,11,30,0x11,50,CRank,0x23,0x0,NoEffect,1,0x0,0x0,0x0
0x25 Iron Hamaxe,IronHamaxeName,HeavyWeaponDesc,0x0,0x25,Axes,DevotiaWeapon,0x0,HorseEffectiveness|IsPointer,18,10,60,15,0,0x11,45,DRank,0x24,0x0,NoEffect,1,0x0,0x0,0x0
0x26 Steel Hamaxe,SteelHamaxeName,HeavyWeaponDesc,0x0,0x26,Axes,DevotiaWeapon,0x0,ArmorEffectiveness|IsPointer,20,10,55,15,0,0x11,40,DRank,0x25,0x0,NoEffect,2,0x0,0x0,0x0
0x27 Silver Hamaxe,SilverHamaxeName,HeavyWeaponDesc,0x0,0x27,Axes,DevotiaWeapon,0x0,0x0,20,18,55,18,0,0x11,45,ERank,0x26,0x0,DevilEffect,8,0x0,0x0,0x0
0x28 Hand Axe,HandAxeName,RangedWeaponDesc,0x0,0x28,Axes,DevotiaWeapon,0x0,0x0,20,7,60,12,0,0x12,15,ERank,0x27,0x0,NoEffect,1,0x0,0x0,0x0
0x29 Tomahawk,TomahawkName,RangedWeaponDesc,0x0,0x29,Axes,DevotiaWeapon,0x0,0x0,15,13,65,14,0,0x12,200,ARank,0x28,0x0,NoEffect,1,0x0,0x0,0x0
0x2A Swordreaver,SwordreaverName,ReaverWeaponDesc,0x0,0x2a,Axes,DevotiaWeapon|ReverseTriangle,0x0,0x0,15,11,65,13,5,0x11,140,CRank,0x29,0x0,NoEffect,2,0x0,0x0,0x0
0x2B Emerald Axe,EmeraldAxeName,DoubleTriangleWeaponDesc,0x0,0x2b,Axes,DevotiaWeapon|ReverseTriangle,0x0,SwordEffectiveness|IsPointer,20,11,80,13,5,0x11,100,CRank,0x2a,0x0,NoEffect,1,0x0,0x0,0x0
0x2C Killer Axe,KillerAxeName,KillingWeaponDesc,0x0,0x2c,Axes,DevotiaWeapon,0x0,0x0,50,4,85,5,0,0x12,0,ERank,0xb9,0x0,NoEffect,1,0x0,0x0,0x0
0x2D Raider Axe,RaiderAxeName,RaiderAxeDesc,0x0,0x2d,Axes,DevotiaWeapon,0x0,FlierEffectiveness|IsPointer,45,6,85,5,0,0x22,12,ERank,0x2b,0x0,NoEffect,1,0x0,0x0,0x0
0x2E Devil Axe,DevilAxeName,DevilAxeDesc,0x0,0x2e,Axes,DevotiaWeapon,0x0,FlierEffectiveness|IsPointer,30,9,70,9,0,0x22,24,DRank,0x2c,0x0,NoEffect,1,0x0,0x0,0x0
0x2F Iron Bow,IronBowName,IronWeaponDesc,0x0,0x2f,Bows,DevotiaWeapon,0x0,FlierEffectiveness|IsPointer,20,13,75,6,0,0x22,80,ARank,0x2d,0x0,NoEffect,1,0x0,0x0,0x0
0x30 Steel Bow,SteelBowName,SteelWeaponDesc,0x0,0x30,Bows,DevotiaWeapon,0x0,FlierEffectiveness|IsPointer,40,4,65,5,0,0x22,0,DRank,0x2e,0x0,PoisonEffect,1,0x0,0x0,0x0
0x31 Silver Bow,SilverBowName,SilverWeaponDesc,0x0,0x31,Bows,DevotiaWeapon,0x0,FlierEffectiveness|IsPointer,20,9,75,7,30,0x22,70,CRank,0x2f,0x0,NoEffect,1,0x0,0x0,0x0
0x32 Iron Composite,IronCompositeName,IndustrialWeaponDesc,0x0,0x32,Bows,DevotiaWeapon|IsBrave,0x0,FlierEffectiveness|IsPointer,30,10,70,12,0,0x22,250,BRank,0x30,0x0,NoEffect,1,0x0,0x0,0x0
0x33 Steel Composite,SteelComposite,IndustrialWeaponDesc,0x0,0x33,Bows,DevotiaWeapon,0x0,FlierEffectiveness|IsPointer,22,5,85,3,10,0x22,80,DRank,0x31,0x0,NoEffect,2,0x0,0x0,0x0
0x34 Silver Composite,SilverComposite,IndustrialWeaponDesc,0x0,0x34,Bows,DevotiaWeapon,0x0,FlierEffectiveness|IsPointer,20,5,65,10,0,0x23,100,DRank,0x32,0x0,NoEffect,1,0x0,0x0,0x0
Ballista,0x393,0x443,0x0,0x35,Bows,DevotiaWeapon|Uncounterable,0x0,FlierEffectiveness|IsPointer,5,8,60,20,0,0x3a,0,ERank,0x33,0x0,NoEffect,4,0x0,0x0,0x0
Iron Ballista,0x394,0x444,0x0,0x36,Bows,DevotiaWeapon|Uncounterable,0x0,FlierEffectiveness|IsPointer,5,13,60,20,0,0x3f,0,ERank,0x34,0x0,NoEffect,4,0x0,0x0,0x0
Killer Ballista,0x395,0x445,0x0,0x37,Bows,DevotiaWeapon|Uncounterable,0x0,FlierEffectiveness|IsPointer,5,12,65,20,10,0x3a,0,ERank,0x35,0x0,NoEffect,4,0x0,0x0,0x0
0x38 Iron Barebow,IronBarebowName,HeavyWeaponDesc,0x0,0x38,Bows,DevotiaWeapon|IsMagic,0x0,0x0,40,5,90,4,0,0x12,14,ERank,0x36,0x0,NoEffect,1,0x0,0x0,0x0
0x39 Steel Barebow,SteelBarebowName,HeavyWeaponDesc,0x0,0x39,Bows,DevotiaWeapon|IsMagic,0x0,0x0,35,8,80,6,5,0x12,20,DRank,0x37,0x0,NoEffect,1,0x0,0x0,0x0
0x3A Silver Barebow,SilverBarebowName,HeavyWeaponDesc,0x0,0x3a,Bows,DevotiaWeapon|IsMagic,0x0,0x0,30,10,85,10,0,0x12,40,CRank,0x38,0x0,NoEffect,2,0x0,0x0,0x0
0x3B Minibow,MinibowName,MinibowDesc,0x0,0x3b,Bows,DevotiaWeapon|IsMagic|Uncounterable,0x0,0x0,5,12,60,20,0,0x3a,500,BRank,0x39,0x0,CannotDoubleEffect,1,0x0,0x0,0x0
0x3C Shortbow,ShortbowName,ShortbowDesc,0x0,0x3c,Bows,DevotiaWeapon|IsMagic,0x0,0x0,20,13,80,12,0,0x12,300,ARank,0x3a,0x0,NoEffect,1,0x0,0x0,0x0
0x3D Longbow,LongbowName,LongbowDesc,0x0,0x3d,Bows,DevotiaWeapon|IsMagic,0x0,0x0,20,14,85,11,5,0x12,0,SRank,0x3b,0x0,NoEffect,1,0x0,0x0,0x0
Excalibur,0x3ae,0x45e,0x0,0x3e,0x5,DevotiaWeapon|IsMagic|Unsellable,0x88aeec4,SacredWeaponEffectiveness|IsPointer,30,18,90,13,10,0x12,200,SRank,0x3c,0x0,NoEffect,1,0x0,0x0,0x0
0x3F Greatbow,GreatbowName,LongbowDesc,0x0,0x3f,Bows,DevotiaWeapon|IsMagic,0x0,0x0,35,4,95,6,5,0x12,18,ERank,0x3d,0x0,NoEffect,1,0x0,0x0,0x0
0x40 Killer Bow,KillerBowName,KillingWeaponDesc,0x0,0x40,Bows,DevotiaWeapon|IsMagic,0x0,0x0,30,6,90,8,8,0x12,30,DRank,0x3e,0x0,NoEffect,2,0x0,0x0,0x0
0x41 Radiant Bow,RadiantBowName,RadiantBowDesc,0x0,0x41,Bows,DevotiaWeapon|IsMagic,0x0,0x0,25,8,85,12,10,0x12,100,CRank,0x3f,0x0,NoEffect,1,0x0,0x0,0x0
0x42 Fortune Staff,0x3b3,0x462,0x0,0x42,Staves,DevotiaWeapon|IsMagic|Uncounterable,0x0,0x0,5,10,75,20,5,0x3a,600,BRank,0x40,0x0,CannotDoubleEffect,3,0x0,0x0,0x0
0x43 Focus Staff,0x402,0x463,0x0,0x43,Staves,DevotiaWeapon|IsMagic,0x0,0x0,20,12,85,15,15,0x12,200,ARank,0x41,0x0,NoEffect,1,0x0,0x0,0x0
0x44 Fleetfoot Staff,0x403,0x4ab,0x0,0x44,Staves,DevotiaWeapon|IsMagic,0x0,SacredWeaponEffectiveness|IsPointer,20,6,85,10,0,0x12,200,BRank,0x42,0x0,NoEffect,3,0x0,0x0,0x0
0x45 Foment Staff,0x3b6,0x465,0x0,0x45,Staves,DevotiaWeapon|IsMagic,0x0,0x0,45,7,80,8,0,0x12,20,DRank,0x43,0x0,NoEffect,1,0x0,0x0,0x0
0x46 Broaden Staff,0x3b7,0x466,0x0,0x46,Staves,DevotiaWeapon|IsMagic|NegateDef|Uncounterable,0x0,0x0,30,0,50,12,10,0x12,140,CRank,0x44,0x0,NoEffect,1,0x0,0x0,0x0
0x47 Stride Staff,0x3b8,0x467,0x0,0x47,Staves,DevotiaWeapon|IsMagic,0x0,0x0,20,10,70,14,0,0x12,160,CRank,0x45,0x0,NosferatuEffect,1,0x0,0x0,0x0
0x48 Fireball,0x3b9,0x468,0x0,0x48,Anima,DevotiaWeapon|IsMagic|Uncounterable|TargetsRes,0x0,0x0,5,10,30,12,0,0x12,800,BRank,0x46,0x0,NoEffect,8,0x0,0x0,0x0
0x49 Fire Storm,0x3ba,0x469,0x0,0x49,Anima,DevotiaWeapon|IsMagic,0x0,0x0,20,15,70,18,0,0x12,450,ARank,0x47,0x0,NoEffect,1,0x0,0x0,0x0
Gleipnir,0x3bc,0x46a,0x0,0x4a,0x7,DevotiaWeapon|IsMagic|Unsellable,0x88aeed0,0x0,30,23,80,20,0,0x12,200,SRank,0xbc,0x0,NoEffect,3,0x0,0x0,0x0
0x4B Heal Stff,0x3c2,0x471,0x4af,0x4b,Staves,IsStaff,0x0,0x0,30,0,100,2,0,0x11,20,ERank,0x49,0x1,NoEffect,2,0x0,0x0,0x0
0x4C Mend Staff,0x3c3,0x472,0x4b0,0x4c,Staves,IsStaff,0x0,0x0,20,0,100,4,0,0x11,50,DRank,0x4a,0x2,NoEffect,3,0x0,0x0,0x0
0x4D Recover Staff,0x3c4,0x473,0x4b1,0x4d,Staves,IsStaff,0x0,0x0,15,0,100,6,0,0x11,150,CRank,0x4b,0x3,NoEffect,3,0x0,0x0,0x0
0x4E Physic Staff,0x3c5,0x474,0x4b2,0x4e,Staves,IsStaff,0x0,0x0,15,0,100,5,0,0x10,250,BRank,0x4c,0x4,NoEffect,3,0x0,0x0,0x0
0x4F Fortify Staff,0x3c6,0x475,0x4b3,0x4f,Staves,IsStaff,0x0,0x0,8,0,100,7,0,0x10,1000,ARank,0x4d,0x5,NoEffect,5,0x0,0x0,0x0
Restore,0x3c7,0x476,0x4b4,0x50,Staves,IsStaff,0x0,0x0,10,0,100,4,0,0x11,200,CRank,0x4e,0x6,NoEffect,3,0x0,0x0,0x0
Silence,0x3c8,0x477,0x4b5,0x51,Staves,IsStaff,0x0,0x0,3,0,70,7,0,0x10,400,BRank,0x4f,0x7,NoEffect,5,0x0,"ItemStatus(SilenceStatusID,5)",0x0
Sleep,0x3c9,0x478,0x4b6,0x52,Staves,IsStaff,0x0,0x0,3,0,65,8,0,0x10,500,BRank,0x50,0x8,NoEffect,5,0x0,"ItemStatus(SleepStatusID,5)",0x0
Berserk,0x3ca,0x479,0x4b7,0x53,Staves,IsStaff,0x0,0x0,3,0,60,8,0,0x10,600,BRank,0x51,0x9,NoEffect,5,0x0,"ItemStatus(BerserkStatusID,5)",0x0
0x54 Warp,0x3cb,0x47a,0x4b8,0x54,Staves,IsStaff,0x0,0x0,5,0,100,5,0,0x11,1500,ARank,0x52,0xa,NoEffect,7,0x0,0x0,0x0
0x55 Rescue,0x3cc,0x47b,0x4b9,0x55,Staves,IsStaff,0x0,0x0,3,0,100,6,0,0x10,600,BRank,0x53,0xb,NoEffect,7,0x0,0x0,0x0
Torch,0x3cd,0x47c,0x4ba,0x56,Staves,IsStaff,0x0,0x0,10,0,100,5,0,0x10,100,DRank,0x54,0xc,NoEffect,5,0x0,0x0,0x0
Hammerne,0x3ce,0x47d,0x4bb,0x57,Staves,IsStaff|CannotRepair,0x0,0x0,3,0,100,7,0,0x11,600,CRank,0x55,0xd,NoEffect,8,0x0,0x0,0x0
Unlock,0x3cf,0x47e,0x4bc,0x58,Staves,IsStaff,0x0,0x0,10,0,100,7,0,0x12,150,DRank,0x56,0xe,NoEffect,5,0x0,0x0,0x0
0x59 Barrier Staff,0x3d0,0x47f,0x4bd,0x59,Staves,IsStaff,0x0,0x0,15,0,100,4,0,0x11,150,CRank,0x57,0xf,NoEffect,4,0x0,0x0,0x0
0x5A Ignis Ardere,0x387,0x437,0x0,0x5a,Anima,DevotiaWeapon,0x0,DragonEffectiveness|IsPointer,30,12,60,11,0,0x11,150,CRank,0x58,0x0,NoEffect,1,0x0,0x0,0x0
Angelic Robe,0x3d4,0x483,0x4c1,0x5b,0x9,0x0,0x88aeedc,0x0,1,0,0,0,0,0x11,8000,NoRank,0x59,0x10,NoEffect,0,0x0,0x0,0x0
Energy Ring,0x3d5,0x484,0x4c2,0x5c,0x9,0x0,0x88aeee8,0x0,1,0,0,0,0,0x11,8000,NoRank,0x5a,0x11,NoEffect,0,0x0,0x0,0x0
Secret Book,0x3d6,0x485,0x4c3,0x5d,0x9,0x0,0x88aeef4,0x0,1,0,0,0,0,0x11,8000,NoRank,0x5b,0x12,NoEffect,0,0x0,0x0,0x0
Speedwings,0x3d7,0x486,0x4c4,0x5e,0x9,0x0,0x88aef00,0x0,1,0,0,0,0,0x11,8000,NoRank,0x5c,0x13,NoEffect,0,0x0,0x0,0x0
Goddess Icon,0x3d8,0x487,0x4c5,0x5f,0x9,0x0,0x88aef0c,0x0,1,0,0,0,0,0x11,8000,NoRank,0x5d,0x14,NoEffect,0,0x0,0x0,0x0
Dragonshield,0x3d9,0x488,0x4c6,0x60,0x9,0x0,0x88aef18,0x0,1,0,0,0,0,0x11,8000,NoRank,0x5e,0x15,NoEffect,0,0x0,0x0,0x0
Talisman,0x3da,0x489,0x4c7,0x61,0x9,0x0,0x88aef24,0x0,1,0,0,0,0,0x11,8000,NoRank,0x5f,0x16,NoEffect,0,0x0,0x0,0x0
Swiftsoles,0x3db,0x48a,0x4c8,0x62,0x9,0x0,0x88aef30,0x0,1,0,0,0,0,0x11,8000,NoRank,0x60,0x17,NoEffect,0,0x0,0x0,0x0
Body Ring,0x3dc,0x48b,0x4c9,0x63,0x9,0x0,0x88aef3c,0x0,1,0,0,0,0,0x11,8000,NoRank,0x61,0x18,NoEffect,0,0x0,0x0,0x0
Hero Crest,0x3dd,0x48c,0x4ca,0x64,0x9,0x0,0x0,0x0,1,0,0,0,0,0x11,10000,NoRank,0x62,0x19,NoEffect,0,0x0,0x0,0x0
Knight Crest,0x3de,0x48d,0x4cb,0x65,0x9,0x0,0x0,0x0,1,0,0,0,0,0x11,10000,NoRank,0x63,0x1a,NoEffect,0,0x0,0x0,0x0
Orion's Bolt,0x3df,0x48e,0x4cc,0x66,0x9,0x0,0x0,0x0,1,0,0,0,0,0x11,10000,NoRank,0x64,0x1b,NoEffect,0,0x0,0x0,0x0
Elysian Whip,0x3e0,0x48f,0x4cd,0x67,0x9,0x0,0x0,0x0,1,0,0,0,0,0x11,10000,NoRank,0x65,0x1c,NoEffect,0,0x0,0x0,0x0
Guiding Ring,0x3e1,0x490,0x4ce,0x68,0x9,0x0,0x0,0x0,1,0,0,0,0,0x11,10000,NoRank,0x66,0x1d,NoEffect,0,0x0,0x0,0x0
Chest Key,0x3e2,0x491,0x4cf,0x69,0x9,0x0,0x0,0x0,1,0,0,0,0,0x11,300,NoRank,0x67,0x1e,NoEffect,0,0x0,0x0,0x0
Door Key,0x3e3,0x492,0x4d0,0x6a,0x9,0x0,0x0,0x0,1,0,0,0,0,0x11,50,NoRank,0x68,0x1f,NoEffect,0,0x0,0x0,0x0
Lockpick,0x3e4,0x493,0x4d1,0x6b,0x9,0x0,0x0,0x0,15,0,0,0,0,0x11,80,NoRank,0x69,0x20,NoEffect,0,0x0,0x0,0x0
Vulnerary,0x3e5,0x494,0x4d2,0x6c,0x9,0x0,0x0,0x0,3,0,0,0,0,0x11,100,NoRank,0x6a,0x21,NoEffect,0,0x0,0x0,0x0
Elixir,0x3e6,0x495,0x4d3,0x6d,0x9,0x0,0x0,0x0,3,0,0,0,0,0x11,1000,NoRank,0x6b,0x22,NoEffect,0,0x0,0x0,0x0
Pure Water,0x3e7,0x496,0x4d4,0x6e,0x9,0x0,0x0,0x0,3,0,0,0,0,0x11,300,NoRank,0x6c,0x23,NoEffect,0,0x0,0x0,0x0
Antitoxin,0x3e8,0x497,0x4d5,0x6f,0x9,0x0,0x0,0x0,3,0,0,0,0,0x11,150,NoRank,0x6d,0x24,NoEffect,0,0x0,0x0,0x0
Torch,0x3e9,0x498,0x4d6,0x70,0x9,0x0,0x0,0x0,5,0,0,0,0,0x11,100,NoRank,0x6e,0x25,NoEffect,0,0x0,0x0,0x0
Filli Shield,0x3ea,0x499,0x4d7,0x71,0x9,Indestructible|NegateFlyingEffectiveness,0x0,0x0,0,0,0,0,0,0x11,10000,NoRank,0xda,0x0,NoEffect,0,0x0,0x0,0x0
Member Card,0x3eb,0x49a,0x4d8,0x72,0x9,0x0,0x0,0x0,1,0,0,0,0,0x11,6000,NoRank,0x84,0x0,NoEffect,0,0x0,0x0,0x0
Silver Card,0x3ec,0x49b,0x4d9,0x73,0x9,0x0,0x0,0x0,1,0,0,0,0,0x11,4000,NoRank,0x85,0x0,NoEffect,0,0x0,0x0,0x0
0x74 Gold-Filled Pouch,GoldFilledPouchName,GoldFilledPouchDesc,0x0,0x74,0x9,0x0,0x0,0x0,1,0,0,0,0,0x11,20000,NoRank,0x86,0x0,NoEffect,0,0x0,0x0,0x0
0x75 Silver-Filled Pouch,SilverFilledPouchName,SilverFilledPouchDesc,0x0,0x75,0x9,0x0,0x0,0x0,1,0,0,0,0,0x11,10000,NoRank,0x87,0x0,NoEffect,0,0x0,0x0,0x0
0x75 Copper-Filled Pouch,CopperFilledPouchName,CopperFilledPouchDesc,0x0,0x76,0x9,0x0,0x0,0x0,1,0,0,0,0,0x11,5000,NoRank,0x88,0x0,NoEffect,0,0x0,0x0,0x0
Gold,0x3f2,0x4a1,0x4da,0x77,0x9,0x0,0x0,0x0,1,0,0,0,0,0x11,0,NoRank,0x89,0x0,NoEffect,0,0x0,0x0,0x0
0x78 Icewind,0x374,0x424,0x0,0x78,Anima,DevotiaWeapon|Unsellable|EphraimLock,0x0,LordWeaponEffectiveness|IsPointer,45,10,80,8,10,0x11,160,NoRank,0xb3,0x0,NoEffect,2,0x0,0x0,0x0
Chest Key (5),0x3e2,0x491,0x4cf,0x79,0x9,0x0,0x0,0x0,5,0,0,0,0,0x11,300,NoRank,0x67,0x26,NoEffect,0,0x0,0x0,0x0
Mine (DUMMY),0x403,0x4ab,0x0,0x7a,0x9,0x0,0x0,0x0,1,0,0,0,0,0x11,500,NoRank,0x8c,0x27,NoEffect,0,0x0,0x0,0x0
Light Rune (DUMMY),0x403,0x4ab,0x0,0x7b,0x9,0x0,0x0,0x0,1,0,0,0,0,0x11,800,NoRank,0x8d,0x28,NoEffect,0,0x0,0x0,0x0
Hoplon Guard,0x3f3,0x4a4,0x4dd,0x7c,0x9,Indestructible|NegateCriticals,0x0,0x0,0,0,0,0,0,0x11,5000,NoRank,0xdb,0x0,NoEffect,0,0x0,0x0,0x0
Filla's Might (DUMMY),0x403,0x4ab,0x0,0x7d,0xc,CannotRepair,0x0,0x0,15,0,0,0,0,0x11,0,NoRank,0x8f,0x29,NoEffect,0,0x0,"ItemStatus(AtkRingStatusID,1)",0x0
Ninis's Grace (DUMMY),0x403,0x4ab,0x0,0x7e,0xc,CannotRepair,0x0,0x0,15,0,0,0,0,0x11,0,NoRank,0x90,0x2a,NoEffect,0,0x0,"ItemStatus(DefRingStatusID,1)",0x0
Thor's Ire (DUMMY),0x403,0x4ab,0x0,0x7f,0xc,CannotRepair,0x0,0x0,15,0,0,0,0,0x11,0,NoRank,0x91,0x2b,NoEffect,0,0x0,"ItemStatus(CritRingStatusID,1)",0x0
Set's Litany (DUMMY),0x403,0x4ab,0x0,0x80,0xc,CannotRepair,0x0,0x0,15,0,0,0,0,0x11,0,NoRank,0x92,0x2c,NoEffect,0,0x0,"ItemStatus(AvoRingStatusID,1)",0x0
0x81 Tremor,0x3a4,0x454,0x0,0x81,Anima,DevotiaWeapon,0x0,MonsterEffectiveness|IsPointer,60,5,90,5,5,0x11,0,ERank,0x93,0x0,NoEffect,1,0x0,0x0,0x0
0x82 Dasher,0x3a5,0x455,0x0,0x82,Anima,DevotiaWeapon,0x0,MonsterEffectiveness|IsPointer,60,7,80,8,5,0x11,0,ERank,0x94,0x0,NoEffect,1,0x0,0x0,0x0
0x83 Terras Voltare,0x3a6,0x456,0x0,0x83,Anima,DevotiaWeapon,0x0,MonsterEffectiveness|IsPointer,60,8,75,10,5,0x11,0,ERank,0x95,0x0,NoEffect,1,0x0,0x0,0x0
0x84 Glacies Claudere,0x3a7,0x457,0x0,0x84,Anima,DevotiaWeapon,0x0,FlierAndMonster1|IsPointer,60,6,85,5,5,0x22,0,ERank,0x96,0x0,NoEffect,1,0x0,0x0,0x0
0x85 Cataclysmaelstrom,0x366,0x416,0x0,0x85,Anima,DevotiaWeapon|Unsellable|EirikaLock,0x88aef48,SacredWeaponEffectiveness|IsPointer,30,16,90,9,0,0x11,0,NoRank,0xb0,0x0,NoEffect,1,0x0,0x0,0x0
0x86 Lightning Bolt,0x367,0x439,0x0,0x86,Anima,DevotiaWeapon,0x0,0x0,20,13,60,15,5,0x11,50,ERank,0xb8,0x0,NoEffect,1,0x0,0x0,0x0
Ivaldi,0x3b5,0x464,0x0,0x87,0x6,DevotiaWeapon|IsMagic|Unsellable,0x88aef54,SacredWeaponEffectiveness|IsPointer,30,17,90,10,5,0x12,0,SRank,0xbb,0x0,NoEffect,1,0x0,0x0,0x0
Master Seal,0x3f4,0x4a5,0x4de,0x88,0x9,0x0,0x0,0x0,1,0,0,0,0,0x11,20000,NoRank,0xd9,0x2d,NoEffect,0,0x0,0x0,0x0
Metis's Tome,0x3f5,0x4a6,0x4df,0x89,0x9,0x0,0x0,0x0,1,0,0,0,0,0x11,0,NoRank,0xdc,0x2e,NoEffect,0,0x0,0x0,0x0
Heaven Seal (DUMMY),0x403,0x4ab,0x0,0x8a,0x9,0x0,0x0,0x0,1,0,0,0,0,0x11,20000,NoRank,0x9c,0x2f,NoEffect,0,0x0,0x0,0x0
0x8B Lightning Blast,0x39d,0x44d,0x0,0x8b,Anima,DevotiaWeapon|Indestructible|MonsterWeapon,0x0,0x0,0,14,65,14,0,0x11,0,NoRank,0xd0,0x0,NoEffect,0,0x0,0x0,0x0
Latona,0x3d1,0x480,0x4be,0x8c,0x4,IsStaff|Unsellable,0x0,0x0,3,0,100,5,0,0xff,0,SRank,0xc3,0x37,NoEffect,1,0x0,0x0,0x0
0x8D Tonitrus Canere,0x377,0x427,0x0,0x8d,Anima,DevotiaWeapon,0x0,DragonEffectiveness|IsPointer,30,10,70,8,0,0x11,150,CRank,0xb6,0x0,NoEffect,1,0x0,0x0,0x0
Vidofnir,0x376,0x426,0x0,0x8e,0x1,DevotiaWeapon|Unsellable,0x88aef60,SacredWeaponEffectiveness|IsPointer,30,15,85,11,0,0x11,0,SRank,0xb5,0x0,NoEffect,1,0x0,0x0,0x0
0x8F Vexflame,0x3bc,0x46b,0x0,0x8f,Anima,DevotiaWeapon|IsMagic|Indestructible,0x0,0x0,0,25,95,18,0,0x12,0,SRank,0xbd,0x0,NoEffect,1,0x0,0x0,0x0
0x90 Tradewinds,0x397,0x447,0x4ac,0x90,Anima,DevotiaWeapon|Indestructible|MonsterWeapon|NegateDef,0x88aef6c,0x0,0,10,100,0,0,0x12,0,ARank,0x79,0x0,NoEffect,0,0x0,0x0,0x0
Audhulma,0x367,0x417,0x0,0x91,0x0,DevotiaWeapon|Unsellable,0x88aef78,SacredWeaponEffectiveness|IsPointer,30,18,85,9,0,0x11,0,SRank,0xb1,0x0,NoEffect,1,0x0,0x0,0x0
0x92 Blizzard,0x375,0x425,0x0,0x92,Anima,DevotiaWeapon|Unsellable|EphraimLock,0x88aef84,SacredWeaponEffectiveness|IsPointer,30,17,80,11,0,0x11,0,NoRank,0xb4,0x0,NoEffect,1,0x0,0x0,0x0
Garm,0x389,0x438,0x0,0x93,0x2,DevotiaWeapon|Unsellable,0x88aef90,SacredWeaponEffectiveness|IsPointer,30,20,75,13,0,0x11,0,SRank,0xb7,0x0,NoEffect,1,0x0,0x0,0x0
Nidhogg,0x396,0x446,0x0,0x94,0x3,DevotiaWeapon|Unsellable,0x88aef9c,FlierAndMonster2|IsPointer,30,18,80,7,0,0x22,0,SRank,0xba,0x0,NoEffect,1,0x0,0x0,0x0
0x95 Trade Tempest,0x378,0x428,0x0,0x95,Anima,DevotiaWeapon,0x0,ArmorEffectiveness|IsPointer,16,9,70,14,0,0x11,75,DRank,0xa7,0x0,NoEffect,1,0x0,0x0,0x0
0x96 Ventus Saltare,0x379,0x429,0x0,0x96,Anima,DevotiaWeapon,0x0,0x0,18,9,60,12,0,0x12,50,CRank,0xa8,0x0,NoEffect,1,0x0,0x0,0x0
Ocean Seal,0x3f6,0x4a7,0x4e0,0x97,0x9,0x0,0x0,0x0,1,0,0,0,0,0x11,10000,NoRank,0xa9,0x30,NoEffect,0,0x0,0x0,0x0
Lunar Brace,0x3f7,yuh,0x4e1,0x98,0x9,Unsellable,0x0,0x0,1,0,0,0,0,0x11,0,NoRank,0xd8,0x31,NoEffect,0,0x0,0x0,0x0
Solar Brace,0x3f8,0x4a9,0x4e2,0x99,0x9,Unsellable,0x0,0x0,1,0,0,0,0,0x11,0,NoRank,0xd7,0x32,NoEffect,0,0x0,0x0,0x0
1G,0x3f9,0x4a1,0x4da,0x9a,0x9,0x0,0x0,0x0,1,0,0,0,0,0x11,1,NoRank,0x89,0x0,NoEffect,0,0x0,0x0,0x0
5G,0x3fa,0x4a1,0x4da,0x9b,0x9,0x0,0x0,0x0,1,0,0,0,0,0x11,5,NoRank,0x89,0x0,NoEffect,0,0x0,0x0,0x0
10G,0x3fb,0x4a1,0x4da,0x9c,0x9,0x0,0x0,0x0,1,0,0,0,0,0x11,10,NoRank,0x89,0x0,NoEffect,0,0x0,0x0,0x0
50G,0x3fc,0x4a1,0x4da,0x9d,0x9,0x0,0x0,0x0,1,0,0,0,0,0x11,50,NoRank,0x89,0x0,NoEffect,0,0x0,0x0,0x0
100G,0x3fd,0x4a1,0x4da,0x9e,0x9,0x0,0x0,0x0,1,0,0,0,0,0x11,100,NoRank,0x89,0x0,NoEffect,0,0x0,0x0,0x0
3000G,0x400,0x4a1,0x4da,0x9f,0x9,0x0,0x0,0x0,1,0,0,0,0,0x11,3000,NoRank,0x89,0x0,NoEffect,0,0x0,0x0,0x0
5000G,0x401,0x4a1,0x4da,0xa0,0x9,0x0,0x0,0x0,1,0,0,0,0,0x11,5000,NoRank,0x89,0x0,NoEffect,0,0x0,0x0,0x0
0xA1 Sweeping Gale,0x368,0x418,0x0,0xa1,Anima,DevotiaWeapon|MagicDamage,0x0,FlierEffectiveness|IsPointer,40,9,70,9,0,0x12,200,BRank,0xaa,0x0,NoEffect,1,0x0,0x0,0x0
Vulnerary,0x3e5,0x494,0x4d2,0xa2,0x9,0x0,0x0,0x0,60,0,0,0,0,0x11,100,NoRank,0x6a,0x33,NoEffect,0,0x0,0x0,0x0
Vulnerary (green note),0x3e5,0x494,0x4d2,0xa3,0x9,0x0,0x0,0x0,60,0,0,0,0,0x11,100,NoRank,0xab,0x34,NoEffect,0,0x0,0x0,0x0
Vulnerary (red note),0x3e5,0x494,0x4d2,0xa4,0x9,0x0,0x0,0x0,60,0,0,0,0,0x11,100,NoRank,0xac,0x35,NoEffect,0,0x0,0x0,0x0
Dance,0x3d2,0x481,0x4bf,0xa5,0xc,0x0,0x0,0x0,0,0,0,0,0,0x11,0,NoRank,0x0,0x0,NoEffect,0,0x0,0x0,0x0
Nightmare,0x39c,0x44c,0x0,0xa6,0x4,IsStaff,0x88aefa8,0x0,1,0,70,8,0,0x13,0,NoRank,0xc7,0x35,NoEffect,0,0x0,"ItemStatus(SleepStatusID,5)",0x0
0xA7 Holy Light,0x399,0x449,0x4ae,0xa7,Light,DevotiaWeapon|Indestructible|MonsterWeapon,0x0,0x0,0,10,65,0,0,0x11,0,NoRank,0x88,0x0,NoEffect,0,0x0,0x0,0x0
0xA8 Luminscence,0x39a,0x44a,0x0,0xa8,Light,DevotiaWeapon|Indestructible|MonsterWeapon,0x88aefb4,0x0,0,15,60,0,0,0x13,0,NoRank,0xc5,0x0,NoEffect,0,0x0,0x0,0x0
Ravager,0x39b,0x44b,0x0,0xa9,0xb,DevotiaWeapon|Indestructible|MonsterWeapon,0x88aefc0,0x0,0,15,85,0,10,0x11,0,NoRank,0xc6,0x0,NoEffect,0,0x0,0x0,0x0
0xAA Lux Congerere,0x398,0x448,0x4ad,0xaa,Light,DevotiaWeapon|IsMagic|Indestructible|MonsterWeapon,0x88aefcc,MonsterEffectiveness|IsPointer,50,16,100,0,15,0x11,0,NoRank,0xc4,0x0,NoEffect,0,0x0,0x0,0x0
0xAB Justice,0x3c0,0x46f,0x0,0xab,Light,DevotiaWeapon|IsMagic|Unsellable,0x0,0x0,0,11,80,10,0,0x12,0,NoRank,0xc1,0x0,NoEffect,0,0x0,0x0,0x0
0xAC Righteous,0x3c1,0x470,0x0,0xac,Light,DevotiaWeapon|IsMagic|Uncounterable,0x0,0x0,5,13,70,20,5,0x3a,0,NoRank,0xc2,0x0,CannotDoubleEffect,0,0x0,0x0,0x0
0xAD Absolution,0x39e,0x44e,0x0,0xad,Light,DevotiaWeapon|Indestructible|MonsterWeapon,0x0,0x0,0,7,80,8,0,0x11,0,NoRank,0xd1,0x0,NoEffect,0,0x0,0x0,0x0
0xAE Heavenly Shine,0x39f,0x44f,0x0,0xae,Light,DevotiaWeapon|Indestructible|MonsterWeapon,0x0,0x0,0,12,75,10,0,0x11,0,NoRank,0xd2,0x0,NoEffect,0,0x0,0x0,0x0
0xAF Divine Brilliance,0x3a0,0x450,0x0,0xaf,Light,DevotiaWeapon|Indestructible|MonsterWeapon,0x0,0x0,0,6,65,10,0,0x11,0,NoRank,0xd3,0x0,PoisonEffect,0,0x0,0x0,0x0
0xB0 Sacred Effulgence,SacredEffulgenceName,0x451,0x0,0xb0,Anima,DevotiaWeapon,0x0,0x0,0,10,60,12,0,0x11,0,NoRank,0xbb,0x0,PoisonEffect,0,0x0,0x0,0x0
0xB1 Surge,0x3a2,0x452,0x0,0xb1,Light,DevotiaWeapon|Indestructible|MonsterWeapon,0x0,0x0,0,5,90,5,0,0x11,0,NoRank,0xd5,0x0,NoEffect,0,0x0,0x0,0x0
0xB2 Elsurge,0x3a3,0x453,0x0,0xb2,Light,DevotiaWeapon|Indestructible|MonsterWeapon,0x0,0x0,0,13,80,8,0,0x11,0,NoRank,0xd6,0x0,NoEffect,0,0x0,0x0,0x0
0xB3 Deluge,0x3be,0x46d,0x0,0xb3,Light,DevotiaWeapon|IsMagic|Unsellable|Indestructible,0x0,0x0,0,7,85,6,0,0x12,0,NoRank,0xbe,0x0,NoEffect,0,0x0,0x0,0x0
0xB4 Vexaura,0x3bf,0x46e,0x0,0xb4,Light,DevotiaWeapon|IsMagic|Unsellable|Indestructible,0x0,0x0,0,14,70,13,5,0x12,0,NoRank,0xbf,0x0,NoEffect,0,0x0,0x0,0x0
Stone,0x3bd,0x46c,0x0,0xb5,0x7,DevotiaWeapon|IsMagic,0x0,0x0,5,0,65,8,0,0x13,0,NoRank,0xc0,0x0,StoneEffect,5,0x0,0x0,0x0
0xB6 Resire,0x3ac,0x45b,0x0,0xb6,Light,DevotiaWeapon|IsMagic,0x0,FlierEffectiveness|IsPointer,20,8,85,2,0,0x12,55,BRank,0x35,0x0,NoEffect,1,0x0,0x0,0x0
Juna Fruit,0x402,0x4aa,0x4e3,0xb7,0x9,0x0,0x0,0x0,1,0,0,0,0,0x11,0,NoRank,0xdd,0x36,NoEffect,0,0x0,0x0,0x0
150G,0x3fe,0x4a1,0x4da,0xb8,0x9,0x0,0x0,0x0,1,0,0,0,0,0x11,150,NoRank,0x89,0x0,NoEffect,0,0x0,0x0,0x0
200G,0x3ff,0x4a1,0x4da,0xb9,0x9,0x0,0x0,0x0,1,0,0,0,0,0x11,200,NoRank,0x89,0x0,NoEffect,0,0x0,0x0,0x0
0xBA Nosferatu,0x3ee,0x49d,0x0,0xba,Light,DevotiaWeapon,0x0,0x0,1,0,0,0,0,0x11,30000,NoRank,0xc8,0x0,NoEffect,0,0x0,0x0,0x0
0xBB Moonlight Waltz,0x3ed,0x49c,0x0,0xbb,Dark,DevotiaWeapon|UsesMagic|TargetsRes,0x0,0x0,1,10,0,0,0,0x11,40000,NoRank,0xc9,0x0,NoEffect,0,0x0,0x0,0x0
Skill Scroll,0xFFFF,0xFFFF,SkillScrollDesc,0xbc,0x9,0x0,0x0,0x0,1,0,0,0,0,0x11,10000,NoRank,0x0,0x38,NoEffect,0,0x0,0x0,0x0
0xBD Night Ode,0x403,0x4ab,0x0,0xbd,Dark,DevotiaWeapon,0x0,0x0,0,0,0,0,0,0x11,0,NoRank,0x0,0x0,NoEffect,1,0x0,0x0,0x0
0xBE Tenebrae Operiere,0x403,0x4ab,0x0,0xbe,Dark,DevotiaWeapon|IsMagic,0x0,0x0,0,11,80,10,0,0x12,0,NoRank,0x0,0x0,NoEffect,1,0x0,0x0,0x0
0xBF Malice,0x403,0x4ab,0x0,0xbf,Dark,DevotiaWeapon|IsMagic,0x0,0x0,0,11,80,10,0,0x12,0,NoRank,0x0,0x0,NoEffect,1,0x0,0x0,0x0
0xC0 Resentment,0x403,0x4ab,0x0,0xc0,Dark,DevotiaWeapon,0x0,0x0,0,0,0,0,0,0x11,0,NoRank,0x0,0x0,NoEffect,1,0x0,0x0,0x0
0xC1 Malevolence,0x403,0x4ab,0x0,0xc1,Dark,0x0,0x0,0x0,0,0,0,0,0,0x11,0,NoRank,0x0,0x0,NoEffect,1,0x0,0x0,0x0
0xC2 Swarm Z,0x403,0x4ab,0x0,0xc2,Dark,DevotiaWeapon,0x0,0x0,0,0,0,0,0,0x11,0,NoRank,0x0,0x0,NoEffect,1,0x0,0x0,0x0
0xC3 Carreau V,0x403,0x4ab,0x0,0xc3,Dark,DevotiaWeapon,0x0,0x0,0,0,0,0,0,0x11,0,NoRank,0x0,0x0,NoEffect,1,0x0,0x0,0x0
0xC4 Verrine L,0x403,0x4ab,0x0,0xc4,Dark,DevotiaWeapon,0x0,0x0,0,11,80,10,0,0x11,0,NoRank,0x0,0x0,NoEffect,1,0x0,0x0,0x0
0xC5 Void,0x403,0x4ab,0x0,0xc5,Dark,DevotiaWeapon,0x0,0x0,0,11,80,10,0,0x11,0,NoRank,0x0,0x0,NoEffect,1,0x0,0x0,0x0
0xC6 Expanse,0x403,0x4ab,0x0,0xc6,Dark,DevotiaWeapon,0x0,0x0,0,0,0,0,0,0x11,0,NoRank,0x0,0x0,NoEffect,1,0x0,0x0,0x0
0xC7 Singularity,0x403,0x4ab,0x0,0xc7,Dark,DevotiaWeapon,0x0,0x0,0,11,80,10,0,0x11,0,NoRank,0x0,0x0,NoEffect,1,0x0,0x0,0x0
0xC8 Vexshadow,0x403,0x4ab,0x0,0xc8,Dark,DevotiaWeapon,0x0,0x0,0,0,0,0,0,0x11,0,NoRank,0x0,0x0,NoEffect,1,0x0,0x0,0x0
0xC9 Ruin,0x403,0x4ab,0x0,0xc9,Dark,DevotiaWeapon|IsMagic,0x0,0x0,0,11,80,10,0,0x12,0,NoRank,0x0,0x0,NoEffect,1,0x0,0x0,0x0
0xCA Solstice,0x403,0x4ab,0x0,0xca,Dark,DevotiaWeapon|IsMagic,0x0,0x0,0,0,0,0,0,0x12,0,NoRank,0x0,0x0,NoEffect,1,0x0,0x0,0x0
0xCB Tevye's Blade,0x403,0x4ab,0x0,0xcb,Swords,DevotiaWeapon|IsMagic,0x0,0x0,0,0,0,0,0,0x12,0,NoRank,0x0,0x0,NoEffect,1,0x0,0x0,0x0
0xCC Sirventes,SirventesName,SirventesDesc,0x0,0xcc,Light,DevotiaWeapon,0x0,0x0,1,12,100,10,0,0x22,0,NoRank,0x9d,0x0,NoEffect,0,0x0,0x0,BreathOfLifeID
0xCD Parental Heirloom,0x403,0x4ab,0x0,0xcd,Bows,0x0,0x0,0x0,0,0,0,0,0,0x12,0,NoRank,0x0,0x0,NoEffect,1,0x0,0x0,0x0
0xCE Late Bloomer,LateBloomerName,LateBloomerDesc,0x0,0xce,Lances,DevotiaWeapon|IgnoreTriangle,0x0,0x0,0,9,70,9,0,0x12,0,NoRank,0x13,0x0,NoEffect,1,0x0,0x0,0x0
0xCD Parental Heirloom,0x403,0x4ab,0x0,0xcf,0xc,0x0,0x0,0x0,0,0,0,0,0,0x12,0,NoRank,0x0,0x0,NoEffect,1,0x0,0x0,0x0
0xCD Parental Heirloom,0x403,0x4ab,0x0,0xd0,0xc,0x0,0x0,0x0,0,0,0,0,0,0x12,0,NoRank,0x0,0x0,NoEffect,1,0x0,0x0,0x0
0xCD Parental Heirloom,0x403,0x4ab,0x0,0xd1,0xc,0x0,0x0,0x0,0,0,0,0,0,0x12,0,NoRank,0x0,0x0,NoEffect,1,0x0,0x0,0x0
0xCD Parental Heirloom,0x403,0x4ab,0x0,0xd2,0xc,0x0,0x0,0x0,0,0,0,0,0,0x12,0,NoRank,0x0,0x0,NoEffect,1,0x0,0x0,0x0
0xCD Parental Heirloom,0x403,0x4ab,0x0,0xd3,0xc,0x0,0x0,0x0,0,0,0,0,0,0x12,0,NoRank,0x0,0x0,NoEffect,1,0x0,0x0,0x0
0xCD Parental Heirloom,0x403,0x4ab,0x0,0xd4,0xc,0x0,0x0,0x0,0,0,0,0,0,0x12,0,NoRank,0x0,0x0,NoEffect,1,0x0,0x0,0x0
0xCD Parental Heirloom,0x403,0x4ab,0x0,0xd5,0xc,0x0,0x0,0x0,0,0,0,0,0,0x12,0,NoRank,0x0,0x0,NoEffect,1,0x0,0x0,0x0
0xCD Parental Heirloom,0x403,0x4ab,0x0,0xd6,0xc,0x0,0x0,0x0,0,0,0,0,0,0x12,0,NoRank,0x0,0x0,NoEffect,1,0x0,0x0,0x0
0xCD Parental Heirloom,0x403,0x4ab,0x0,0xd7,0xc,0x0,0x0,0x0,0,0,0,0,0,0x12,0,NoRank,0x0,0x0,NoEffect,1,0x0,0x0,0x0
0xCD Parental Heirloom,0x403,0x4ab,0x0,0xd8,0xc,0x0,0x0,0x0,0,0,0,0,0,0x12,0,NoRank,0x0,0x0,NoEffect,1,0x0,0x0,0x0
0xCD Parental Heirloom,0x403,0x4ab,0x0,0xd9,0xc,0x0,0x0,0x0,0,0,0,0,0,0x12,0,NoRank,0x0,0x0,NoEffect,1,0x0,0x0,0x0
0xCD Parental Heirloom,0x403,0x4ab,0x0,0xda,0xc,0x0,0x0,0x0,0,0,0,0,0,0x12,0,NoRank,0x0,0x0,NoEffect,1,0x0,0x0,0x0
0xCD Parental Heirloom,0x403,0x4ab,0x0,0xdb,0xc,0x0,0x0,0x0,0,0,0,0,0,0x12,0,NoRank,0x0,0x0,NoEffect,1,0x0,0x0,0x0
0xCD Parental Heirloom,0x403,0x4ab,0x0,0xdc,0xc,0x0,0x0,0x0,0,0,0,0,0,0x12,0,NoRank,0x0,0x0,NoEffect,1,0x0,0x0,0x0
0xCD Parental Heirloom,0x403,0x4ab,0x0,0xdd,0xc,0x0,0x0,0x0,0,0,0,0,0,0x12,0,NoRank,0x0,0x0,NoEffect,1,0x0,0x0,0x0
0xCD Parental Heirloom,0x403,0x4ab,0x0,0xde,0xc,0x0,0x0,0x0,0,0,0,0,0,0x12,0,NoRank,0x0,0x0,NoEffect,1,0x0,0x0,0x0
0xCD Parental Heirloom,0x403,0x4ab,0x0,0xdf,0xc,0x0,0x0,0x0,0,0,0,0,0,0x12,0,NoRank,0x0,0x0,NoEffect,1,0x0,0x0,0x0
0xCD Parental Heirloom,0x403,0x4ab,0x0,0xe0,0xc,0x0,0x0,0x0,0,0,0,0,0,0x12,0,NoRank,0x0,0x0,NoEffect,1,0x0,0x0,0x0
0xCD Parental Heirloom,0x403,0x4ab,0x0,0xe1,0xc,0x0,0x0,0x0,0,0,0,0,0,0x12,0,NoRank,0x0,0x0,NoEffect,1,0x0,0x0,0x0
0xCD Parental Heirloom,0x403,0x4ab,0x0,0xe2,0xc,0x0,0x0,0x0,0,0,0,0,0,0x12,0,NoRank,0x0,0x0,NoEffect,1,0x0,0x0,0x0
0xCD Parental Heirloom,0x403,0x4ab,0x0,0xe3,0xc,0x0,0x0,0x0,0,0,0,0,0,0x12,0,NoRank,0x0,0x0,NoEffect,1,0x0,0x0,0x0
0xCD Parental Heirloom,0x403,0x4ab,0x0,0xe4,0xc,0x0,0x0,0x0,0,0,0,0,0,0x12,0,NoRank,0x0,0x0,NoEffect,1,0x0,0x0,0x0
0xCD Parental Heirloom,0x403,0x4ab,0x0,0xe5,0xc,0x0,0x0,0x0,0,0,0,0,0,0x12,0,NoRank,0x0,0x0,NoEffect,1,0x0,0x0,0x0
0xCD Parental Heirloom,0x403,0x4ab,0x0,0xe6,0xc,0x0,0x0,0x0,0,0,0,0,0,0x12,0,NoRank,0x0,0x0,NoEffect,1,0x0,0x0,0x0
0xCD Parental Heirloom,0x403,0x4ab,0x0,0xe7,0xc,0x0,0x0,0x0,0,0,0,0,0,0x12,0,NoRank,0x0,0x0,NoEffect,1,0x0,0x0,0x0
0xCD Parental Heirloom,0x403,0x4ab,0x0,0xe8,0xc,0x0,0x0,0x0,0,0,0,0,0,0x12,0,NoRank,0x0,0x0,NoEffect,1,0x0,0x0,0x0
0xCD Parental Heirloom,0x403,0x4ab,0x0,0xe9,0xc,0x0,0x0,0x0,0,0,0,0,0,0x12,0,NoRank,0x0,0x0,NoEffect,1,0x0,0x0,0x0
0xCD Parental Heirloom,0x403,0x4ab,0x0,0xea,0xc,0x0,0x0,0x0,0,0,0,0,0,0x12,0,NoRank,0x0,0x0,NoEffect,1,0x0,0x0,0x0
0xCD Parental Heirloom,0x403,0x4ab,0x0,0xeb,0xc,0x0,0x0,0x0,0,0,0,0,0,0x12,0,NoRank,0x0,0x0,NoEffect,1,0x0,0x0,0x0
0xCD Parental Heirloom,0x403,0x4ab,0x0,0xec,0xc,0x0,0x0,0x0,0,0,0,0,0,0x12,0,NoRank,0x0,0x0,NoEffect,1,0x0,0x0,0x0
0xCD Parental Heirloom,0x403,0x4ab,0x0,0xed,0xc,0x0,0x0,0x0,0,0,0,0,0,0x12,0,NoRank,0x0,0x0,NoEffect,1,0x0,0x0,0x0
0xCD Parental Heirloom,0x403,0x4ab,0x0,0xee,0xc,0x0,0x0,0x0,0,0,0,0,0,0x12,0,NoRank,0x0,0x0,NoEffect,1,0x0,0x0,0x0
0xCD Parental Heirloom,0x403,0x4ab,0x0,0xef,0xc,0x0,0x0,0x0,0,0,0,0,0,0x12,0,NoRank,0x0,0x0,NoEffect,1,0x0,0x0,0x0
0xCD Parental Heirloom,0x403,0x4ab,0x0,0xf0,0xc,0x0,0x0,0x0,0,0,0,0,0,0x12,0,NoRank,0x0,0x0,NoEffect,1,0x0,0x0,0x0
0xCD Parental Heirloom,0x403,0x4ab,0x0,0xf1,0xc,0x0,0x0,0x0,0,0,0,0,0,0x12,0,NoRank,0x0,0x0,NoEffect,1,0x0,0x0,0x0
0xCD Parental Heirloom,0x403,0x4ab,0x0,0xf2,0xc,0x0,0x0,0x0,0,0,0,0,0,0x12,0,NoRank,0x0,0x0,NoEffect,1,0x0,0x0,0x0
0xCD Parental Heirloom,0x403,0x4ab,0x0,0xf3,0xc,0x0,0x0,0x0,0,0,0,0,0,0x12,0,NoRank,0x0,0x0,NoEffect,1,0x0,0x0,0x0
0xCD Parental Heirloom,0x403,0x4ab,0x0,0xf4,0xc,0x0,0x0,0x0,0,0,0,0,0,0x12,0,NoRank,0x0,0x0,NoEffect,1,0x0,0x0,0x0
0xCD Parental Heirloom,0x403,0x4ab,0x0,0xf5,0xc,0x0,0x0,0x0,0,0,0,0,0,0x12,0,NoRank,0x0,0x0,NoEffect,1,0x0,0x0,0x0
0xCD Parental Heirloom,0x403,0x4ab,0x0,0xf6,0xc,0x0,0x0,0x0,0,0,0,0,0,0x12,0,NoRank,0x0,0x0,NoEffect,1,0x0,0x0,0x0
0xCD Parental Heirloom,0x403,0x4ab,0x0,0xf7,0xc,0x0,0x0,0x0,0,0,0,0,0,0x12,0,NoRank,0x0,0x0,NoEffect,1,0x0,0x0,0x0
0xCD Parental Heirloom,0x403,0x4ab,0x0,0xf8,0xc,0x0,0x0,0x0,0,0,0,0,0,0x12,0,NoRank,0x0,0x0,NoEffect,1,0x0,0x0,0x0
0xCD Parental Heirloom,0x403,0x4ab,0x0,0xf9,0xc,0x0,0x0,0x0,0,0,0,0,0,0x12,0,NoRank,0x0,0x0,NoEffect,1,0x0,0x0,0x0
0xCD Parental Heirloom,0x403,0x4ab,0x0,0xfa,0xc,0x0,0x0,0x0,0,0,0,0,0,0x12,0,NoRank,0x0,0x0,NoEffect,1,0x0,0x0,0x0
0xCD Parental Heirloom,0x403,0x4ab,0x0,0xfb,0xc,0x0,0x0,0x0,0,0,0,0,0,0x12,0,NoRank,0x0,0x0,NoEffect,1,0x0,0x0,0x0
0xCD Parental Heirloom,0x403,0x4ab,0x0,0xfc,0xc,0x0,0x0,0x0,0,0,0,0,0,0x12,0,NoRank,0x0,0x0,NoEffect,1,0x0,0x0,0x0
0xCD Parental Heirloom,0x403,0x4ab,0x0,0xfd,0xc,0x0,0x0,0x0,0,0,0,0,0,0x12,0,NoRank,0x0,0x0,NoEffect,1,0x0,0x0,0x0
0xCE Late Bloomer,0x404,0x404,0x0,0xfe,0x0,DevotiaWeapon,0x0,0x0,1,0,0,0,0,0x11,0,NoRank,0x0,0x0,CannotDoubleEffect,0,0x0,0x0,0x0
TERMINATOR,0x404,0x404,0x0,0xff,0x0,DevotiaWeapon,0x0,0x0,1,0,0,0,0,0x11,0,NoRank,0x0,0x0,NoEffect,0,0x0,0x0,0x0
